new,ai,technology,ha,become,popular,school,make,way,life,k,college,student,around,u,ha,made,headline,humanlike,unique,response,question
three,recommendation,report,help,k,leader,build,operate,maintain,resilient,program
construct,middle,high,school,student,create,mobile,video,game,tool,used,u,school,across,state,classroom
teaching,medium,literacy,one,way,inoculate,future,generation,falling,misinformation,also,help,solve,problem,left,behind,today,leader
write,micro,bit,base,non,profit,mission,child,best,digit,partnership,u,base,tech,giant,back,nonprofit,code
prompt,cartoon,teacher,crush,weight,problem,past,new,york,depart,ban,popular,school
student,teacher,longer,access,school,network,depart,ban,use,network,around
game,help,child,build,sharpen,rang,life,skill,stand,good,stead,post,skill,child,learn,play,video,game,appear,first
grow,number,public,school,u,move,ban,popular,chine,social,medium,allow,user,share,short,video,follow,lead,govern,sever,state,ban
click,away,stack,block,special,need,learn,tool,recommend,tri,stack,block,home,wonder,stack,block,go,look,like,also,help,teach,behavior,tool
fed,raising,make,sick,lucky,daughter,somehow,like,much,struggle,finding,someone,like
fed,up,with,raising,it,make,me,sick,lucky,to,have,a,daughter,who,somehow,t,like,it,that,much,but,it,been,a,struggle,finding,someone,like,her
fed,up,with,rais,it,make,me,sick,to,have,a,daughter,who,somehow,t,like,it,that,much,but,it,been,a,find,like,her
