tip,mental,health,professional,set,healthy,boundary,child,come,technology,first,kind,parent
shelf,video,game,little,improve,cognitive,ability,certain,designed,enhance,proficiency,skill,task,switching,known
almost,teen,account,social,medium,platform,social,medium,reach,friend,share,experience,tell,world,however,realizing,addiction
supreme,court,hear,argument,month,federal,law,harmful,content,tech,industry,push,social,medium,public,entity,seek,hold,accountable,mental,health,crisis,youth
phone,phone,phone,tablet,screen,time,excess,screen,time,screen,time,affect,relationship,gadget,gadget,affect,parent,child,relationship
parent,job,protect,child,lead
global,child,screen,time,toddler,child,vari,age,access,mani,digit
skill,critic,build,digit,build,learn,digit,money
east,report,adult
china,step,short,video,effort,prevent,child,addict,nation,radio
state,aim,age,social,medium,adult,content
attorney,today,attorney,host,town,hall,meet,state
video,boost,book,sale,daughter,post,dad,publish,novel,stone,maiden,sell,better,viral,trend,read
professor,gain,million,follow,debunk,harm,good
today,digit,age,child,young,age,parent,concern,effect
holiday,shop,stress,overwhelm,come,buy,gift,life,hard,think,break,bank
disrupt,interrupt,host,veteran,disruptor,jo,helm,interview,award,win,entrepreneur,founder,learn
new,tool,creat,fight,exploit,minor,nation,center,miss,exploit,child,creat,power,tool,help
nation,center,miss,exploit,child,creat,power,tool,help,child,regain,control,today,nation,lead,child,protect,organ,new,tool,combat,child,sexual,exploit,help,sexual,explicit,platform,avail,allow,user,world,submit,report,help,nude,partial,nude,sexual,explicit,photo,video,depict,child,year
lead,global,digit,subscript,content,child,sandbox,preschool,subscript,video,demand,platform
social,child,left,surf,social,medium,access,mani,vice,target,addict,social,medium
winner,year,prize,social,entrepreneur,help,child,school,build,lab,rural,road,prize,winner,instead,usual
meta,step,limit,harm,ad,campaign,place,restrict,target,teen,onward,longer,let,market,aim,ad,teen,base,gender
unveil,new,watch,bring,solid,afford,price,successor,watch,come,safe,genus
man,let,year,son,play,hi,phone,end,happen,michigan,boy,spend,k,kept,ring,car,kept,come,year,run,order,dad,phone,fox,child
advice,welcome
