youth,council,welcoming,back,author,expert,technology,impact,human,behavior,two,age,based,instructive,enlightening
however,many,parent,hesitant,allow,young,child,play,video,game,believe,negative,impact,development,research,ha,shown
ever,since,social,medium,gaining,popularity,early,parent,across,country,worrying,impact,social,medium,child,especially,teen,hard,monitor,child,many,corner,connected
life,medic,give,parent,option,keep,sick,child,doctor,help,make,call,share,burden
wire,mission,help,parent,rais,smart,today,launch,level,interact,curriculum,base,f
ha,latest,model,line,cellular,connect,watch,child,give,basic,smart,allow,parent,keep,tab,new
mani,child,spend,much,time,play,video,game,learn,spot,sign,thing,may,spin,control,post,game,much,much,child,appear,first
ha,latest,model,line,cellular,connect,watch,child,give,basic,smart,allow,parent,keep,tab,ne
find,perfect,parent,want,keep,child,safe,sound,child,tracker,watch,child,see,dure,day,even,track,use
matter,parent,often,find,way,get,soon,keep,away,eye,parent,manner,hidden,modern,day,tool,allow,h
hope,someone,help,point,screen,time,ha,worked,flawlessly,update,came,request,time,come,phone,ha,point,come,almost,never,problem,someone,help,figure
year,old,ha,obscure,passionate,interest,engineering,technology,trying,foster,interest,age,appropriate,way,without,peer,thanks
index
need,continue,tablet,wa,wondering,method,could,try,fussy,eater,eating,drinking,much,anyway,poor,throat,tongue,sore
edit,wow,thanks,comment,read,every,one
many,find,everything,also,much,good,content,fill,screen,time,garbage,toxic,stuff,anyone,else,know,garbage,search,block,would,really,appreciate
give,child,tablet,feel,child,wa,behind,school,really,make,difference
suppose,necessary,get,eventually
bought,fire,tablet,couple,year,ago,endless,problem,game,disappearing,constantly,problem,card,giving,permission,game,honestly,list,endless,every,problem,search,fix,turn,many,people,boat,never,seem,reply,help,whatsoever,every,time,search,see,best,tablet,replace,reason,everything,come,back,fire,nut,understand,problem,family,phone,would,preferably,want,know,layout,apple,want,know,guy,think,recommend,sturdy,tablet,straight,forward,ha,issue,made,money,time,want,get,anything,really,outdated,advice,would,great,thanks
feel,like,tablet,game,exploitative,especially,trying,find,free,game,buy,subscription,seem,like,add,especially,want,game,multiple,subscription,recommend,mine,think,might,well,make,thread,best,game,different,age
approach,allow,get,comfortable,technology,understand,useful,danger,need,aware,like,everything,moderation,key
conscious,may,unpopular,opinion,returned,holiday,family,aged,amount,baby,dinner,table,hotel,wa,astonishing,maybe,old,fashioned,want,conversation,dinner,feel,valuable,skill,life,help,thing,think
feel,like,royally,whole,video,game,thing,somehow,nightmare,scenario,without,realizing,fine,month,ago,going,continue,keep,video,game,away,frame,ha,earn,back,even,know,right,approach,anyone,advice,insight,similar,situation,might,help
ha,everyone,else,electronics,never,let,use,phone,maybe,watch,hour,screen,time,day,top,actually,house,impossible,manage,screen,time,addiction,see,get,one
lot,resource,push,towards,fire,wondering,anyone,give,first,hand,reference,tablet,another,prefer
thanks,suggestion,got,year,think,time,mine,old,enough,probably,sort,new,option,parental,control,namely,worried,easy,access,content,e,easy,access,everywhere,said,parental,control,right,know,much,work,climb,hill,come,thanks
right,stuck,whether,get,tablet,buy,regardless,sure,play,choice,recommendation,reason,like,like,either,thanks
many,thanks,advance
advice,need,know,taking,plunge
curious,parent,think,could,cause,awful,behavior,normal,kindergarten,stress
anyways,guess,anyone,ha,recommendation,tablet,hold,decent,charge,lot,space,recommendation,kind,case,help,accidental,fall,whatnot,also,price,huge,factor,really,want,keep,around,range,possible,big,present
get,menu,scribble,bit
love,busy,book,fun,interactive,toddler,busy,use,brain,simple,busy,book,anyone,ever,tried,busy,book,let,u,know,one,community,benefit,thanks
edit,plenty,outdoor,activity,love,pending,weather,nature,walk,farm,bike,ride,seaside,cold,season,stuck,home
thanks
tell,thought,please,thank
likely,end,ideally,like,tablet,couple,one,two,game,maybe,music,guess,looking,something,akin,normal,better,parental,control,anyone,suggestion
thank,help
feel,something,year,old,supposed,wa,also,child,play,alone,left,alone,play,feel,like,tablet,ha,behavioral,issue,well,loss,idea
edit,really,care,feel,tablet,first,place,teach,advice
like,buy,son,tablet,something,homework,play,budget,want,child,friendly,tablet,wa,getting,fire,tablet,get,use,search,engine,built,want,tablet,year,grow,need,access,put,parental,control,safe,search,great,tablet,never,one,anyone,recommend,one,please
thanks,suggestion
posting,alt,embarrassed,depressed,explain,child,birthday,ruined
idea,love,high,energy,need,constant,stimulation,need,independently
looking,see,normal,anything
neglect
hi,needing,advice,daughter,situation,daughter,month,old,enrolled,specially,told,age,would,watching,show,well,past,month,wife,watch,sitting,around,table,watching,show,tablet,wife,director,director,toddler,watching,show,tablet,policy,would,talk,teacher,wa,last,week,happening,bit,like,teacher,instead,actually,teaching,picked,specifically,curriculum,include,watching,show,costing,almost,month,wanting,insight,wife,wrong,angry,keep,pressing,issue,director,thanks,advance
travel,lot,getting,tablet,worth,without,subscription,anything,would,adult,fire,thing
starting,school,next,month,hope,help,naturally,home,day,work,advice,tip,thing,clearly,wrong,put,every,detail,post,ask,need,clarification,anything
definitely,morning,person,never,ready,give,full,dissertation,doe,mesh,needing,minute,figure,place,universe,every,morning
weird,explain,interested,tablet
update,dad,told,felt,wa,firm,undermining,set,bad,example,ever,something,like,would,wise,phone,call,ever,usually,talk,ear,wa,assure,would,return,hung,thankfully,husband,wa,supportive,wa,home,see,go
sorry,right,place,post
tip,maintain,tablet,time,non,verbal,toddler,spectrum,really,advice,super,feel,like,brought,curse,household
edit,contact,teacher,teacher,said,tell,time,trade,device,wa,able,get,contact,little,girl,met,morning,trade,back
daughter,told,school,well,child,people,compliment,well,child,mind,whiny,sensitive,home,lately,ha,full,blown,tantrum,doe,something,able,first,try,like,piano,lesson,song,hard,give,easily,homework,home,help,everything,even,though,know,fully,capable,tell,alone,full,also,needy,always,want,adult,attention,know,meaning,personal,space,many,people,toddler,wa,incapable,independently,easily,lately,want,technology,limited,see,behaviour,getting,worse,attention,span,also,worsening,losing,patience,lately,needy,intelligent,girl,sure,behaviour,coming,recently,advice
anyone,else,want,use,screen,time,hour,get,stuff,done,without
suggestion,thank
rule,boundary,would,set,giving,one
normal,nowadays,kindergarten,classroom,longer,toy,allow,time,self,directed,learning,play
sure,ask,summer,roll,around,answer,wait,year
anyone,suggestion,advice,might,help,retain,sanity,help,change,terrible,eating,time,routine
want,add,activity,toy,wa,wondering,whether,add,tablet,arsenal
screen,time,parent
lastly,know,normal,school,standard,question,wa,parent,opinion,standard,parent,struggle,stress
edit,plenty,outdoor,activity,love,pending,weather,nature,walk,farm,bike,ride,seaside,cold,season,stuck,home
thank
feel,guilty,man,video,game,broken,mostly,vent,getting,yo,therapy,help,hyper,soon,might,tied,insecurity,clingy,wish,yell,regret,yanking,dang,thing,wall
end,make,back,road,entire,ride,home,laughing,lame,wa,scary,people,costume,come,window,meanwhile,sitting,thinking,know,old,stuff,like,really,think,love,still,going,lie,made,heart,hurt,bit,though,think,bonded,win,guess,wa,going,take,train,ride,thing,week,decided,want,embarrass,two,making,sarcastic,commentary,entire,time,plus,want,ruin,parent,baby,belong,place,guess,got,two,teen
recently,got,child,tablet,difficult,find,address,already,taken,guess,get,harder,get,older,anyone,considered,one,younger,greater,odds,finding,something,relevant,way,preserve,thing,older,sure,true
drew,made,worried,first,silent,brought,bed,talk,drawing,cried,told,alright,trouble,told,talk,picture,got,nothing,basically,cried,closed,eye,kept,cry,til,fell,asleep,arm,know,child,ever,done,mean,anything,one,thing,know,sure,overuse,tablet
know,really,point,posting,micro,rant,thanks,read
thank,advance
really,bad,tablet,much,way,sister
thank,hug,got,minute,alone,hear,wife,car,pull,garage
anyone,else,like,mine,get,th,birthday
thanks
boy,bad,influence,couple,week,ago,kept,everything,rated,g,sudden,telling,want,calling,daddy,feel,like,put,stop,plan,taking,tablet,away,least,month,doe,get,back,ha,keep,door,open,father,skeptical,telling,know,punishment,going,super,harsh,going,want,sign,account,see,know,would,know,let,attend,dance,ha,heart,set,going,good,send,picture,anything,wrong,try,handle,let,know,way,telling,dad,everything,plan,along,talk,rule,access,technology,dad,house,get,away,anything,house,see,school,left,unsupervised,anything,also,talking,boy,mother,would,situation,want,daughter,able,come,talk,anything
thanks,much
thanks,advance
anyone,suggestion,good,fairly,cheap,tablet,year,old,need,able,hard,time,finding,good,tablet,thanks
feel,like,royally,whole,video,game,thing,somehow,nightmare,scenario,without,realizing,fine,month,ago,going,continue,keep,video,game,away,frame,ha,earn,back,even,know,right,approach,anyone,advice,insight,similar,situation,might,help
screw,homework,screw,routine,structure,fun,sure,tell,super,cool,bluey,episode,return,back,land,living,pray,child,get,horrendous,virus
united,emergency,service,utilize,mental,health
context,girl,scout,leader,wa,talking,demon,death,cannibalism
help
son,recently,told,love,mommy,never,play,ha,fun,always,sleep,ask,wife,get,upset,say,saying,bad,intention,want,fun,play,anyone,idea,get,need,play
edit,tablet,hour,bath,bed,get,dinner,take,bath,bed,screen,time,already,limited
thank
ha,pretty,big,debate,recently,looking,answer,child,access,screen,device,like,tablet,phone
balance,gentle,yes,show,emotion,v,become,dandy,horror,story,almost,like,proving,whether,stomach,ache,real,sometimes,rough,day,hug,let,everything,ruin,day,time,sick,cry,tool,boundary,pushing
ex,husband,son,ha,ever,accidentally,handling,business,say,husband,step,dad,even,sort,thing,unless,dad,loss,know,whether,chalk,intelligent,child,need,concerned,something,else,going
bordering,bad,daughter,sit,stand
boy,bad,influence,couple,week,ago,kept,everything,rated,g,sudden,telling,want,calling,daddy,feel,like,put,stop,plan,taking,tablet,away,least,month,doe,get,back,ha,keep,door,open,father,skeptical,telling,know,punishment,going,super,harsh,going,want,sign,account,see,know,would,know,let,attend,dance,ha,heart,set,going,good,send,picture,anything,wrong,try,handle,let,know,way,telling,dad,everything,plan,along,talk,rule,access,technology,dad,house,get,away,anything,house,see,school,left,unsupervised,anything,also,talking,boy,mother,would,situation,want,daughter,able,come,talk,anything
actually,done,pretty,well,keeping,screen,part,ex,husband,recently,bought,tablet,let,time,daily,call,every,time,tablet,time,dramatic,tear,tonight,minute,tablet,minute,warning,minute,warning,timer,went,stopped,wa,hour,long,cry,fest,also,tried,tablet,video,similar,result,cry,like,able,pause,show,move,along,combat
edit,thank,much,everyone,feel,way,guilty,tablet,day,teaching,raised,get,super,anxious,screen,time,support,ha,great
edit,add,still,u
also,none,law,come,way,said,try,thanksgiving,stand,usually,make,trip,every,couple,month,stressful,screaming,hour,worry,rude,going
son,year,old,always,good,son,wa,depression,anxiety,year,ago,suicidal,thought,sometimes,would,hurt,got,wa,seeing,therapist,psychiatrist,year,result,lately,stopped,seeing,year,ha,spending,day,phone,tablet,reading,comic,novel,anything,might,cause,least,amount,stress,led,avoid,life,home,time,seem,get,tried,everything,help,change,luck,first,year,college,wa,assignment,led,skipping,class,decided,drop,college,find,job,however,month,never,really,tried,find,kind,work,lost,interest,life,anything,future,know,supposed,parent
true,longer,want,toy,play,outside,one,avoid,pitfall
loss,thing,year,thought,could,navigate,pretty,much,anything,girl,ranging,threw,one,keep,toe,last,month,ha,decided,need,fall,sleep,would,sleep,go,bed,tablet,crazy,hour,full,belly,bath,cry,trying,get,lay,making,shadow,puppet,counting,finger,talking,doll,finally,fall,asleep,wake,sleep,tried,waking,starting,dealing,tired,throughout,day,hope,would,exhausted,go,sleep,time,thing,ha,accomplished,grumpy,whiny,tired,toddler,imagine,equivalent,trying,tame,honey,badger,open,tip,trick,advice
thanks
thank
someone,please,help,value,money,usability,memory,space,internal,android,tablet,could,get,wa,looking,apple,gal,honest,like,stick,rule
sit,use,toilet,without,constant,screaming,rushing,wipe,significant,take,solid,minute
thanks,listening,stranger
thought,wa,good,idea,put,want,stuffed,full,want,make,sure,need,go,doe,anyone,insane,rhetorical,question
thing,already,done,shopping,ha,would,devastating,ask,come,behavior,maybe,save,gift,later,get,control,anger,disrespectful,attitude
advice,stop,addiction
would,tomorrow,director,voice,concern,likely,look,another,even,ask,teacher,leaving,nanny,u,advice,thanks
age,child,get,phone,go,rule,worked,family,love,hear
sil,aunt,mother,kind,routine,supervision,know,normal,sil,eaten,supervision,finish,least,everything,meal,time,minute,flexible,never,beyond,also,enforce,good,manner,habit,like,please,thank,pick,toy,get,ready,bed,help,would,great,tackling,sanity,bad,naughty,lack,routine,structure,found,age,appropriate,activity,useful,afternoon,play,sidewalk,chalk,spelling,reading,hopscotch,sensory,play,sand,water,gardening,building,drawing,music,finger,paint,lot,visiting,every,house,ha,lot,activity,option,keep,hand,electronic
hey,little,guy,turned,went,gift,spending,holiday,father,working,around,case,call,work,traveling,relative,question,son,got,many,toy,want,watch,tablet,allow,hour,blue,screen,time,day,feel,without,tablet,understand,wa,never,watched,awesome,imagination,guess,need,advice,rant,wa,seeing
idea,would,awesome
p,trying,watch,speak,tried,talking,nothing,help,also,monitor,watch,closely,phone,tablet,always,living,room,know,watching,time
parent,successfully,used,tablet,video,play,movie,airplane
anyone,found,tablet,work,well,limited,game,run,smoothly
thanks,everyone
hi,year,old,ha,wanting,get,adventure,academy,mouse,older,went,onto,fire,tablet,compatible,ugh,similar,want,progressively,educational,style,interaction,thank,much
know,tough,limit,screen,time,seeing,seeing,really,wish,got,rid,sooner,recommend,enough,go,cold,turkey,really,hard,first,want,give,lot,stay,strong,power,believe,worth
well,last,night,even,two,week,grandma,got,new,card,mail,find,let,put,card,let,sign,free,trial,phone,long,cancel,membership,card,nobody,said,anything,ha,grandma,card,apple,think,cancel,subscription,delete,ha,idea,wa,trial,grandma,get,subscription,leaf,school,grandma,come,say,know,going,make,pay,whole,thing,half,know,going,make,pay,back,told,grandma,stop,child,use,bank,card,phone,keep,giving,anyways
yr,old,dad,yr,old,month,old,wondering,different,experience,thing,like,access,ai,like,soon,formulate,question,gig,would,would,figure,real,belief,ending,shorter
approach,allow,get,comfortable,technology,understand,useful,danger,need,aware,like,everything,moderation,key
luck,finding,one,replicate,digitally,child,health,record,card,doctor,fill,visit,immunization,height,weight,head,size
first,always,android,phone,know,first,thing,parental,setting,use,limit,block,usage,second,strict,picture,want,invade,privacy,feel,young,still,good,appropriate,old,first,got,phone,one,wa,high,school,little,lost
help,hi,android,parent,bit,bullet,got,daughter,birthday,trying,figure,monitor,doe,everything,find,well,anyone,help,please,wireless,customer,help
thank,advance
live,f,wife,f,child,fully,child,second,generation,wife,extremely,fallen,religion,living,evangelical,atheist,live,together,decently,well,grew,poor,family,food,wa,scarce,education,wa,difficult,live,high,end,household,manage,live,without,financial,worry,recently,child,ha,living,condition,get,privacy,never,independence,done,everything,got,perm,bought,wa,android,bought,pair,expensive,shoe,air,force,even,sometimes,buy,gift,ha,hour,phone,day,music,set,always,always,stay,always,phone,privilege,lost,maintain,straight,advanced,class,college,provided,get,good,school,like,good,stem,major,pay,extra,thing,like,extra,clothes,food,friend,appearance,wife,want,phone,every,night,agree,fun,going,friend,almost,every,week,get,money,control,hand,sporadically,need,always,needing,privacy,independence,respect,person,freshman,independence,want,leaf,college,never,want,spend,time,family,time,upstairs,want,good,life,good,future,young,understand,strict
though,suggest,game,ignore,child,thinking,use,time,crayon,paper,usually,bigger,hit,ha,come,handy,dead,time,fill,nothing,play
thanks,advice,also,posted,r,need,help,get
telegram,yr,old,finding,people,chat,get,stop,damn,stranger,every,corner,phone
run,back,work,proof,reading,sorry,error
ex,f,talking,way,going,coparent,told,want,daughter,one,half,said,want,experience,world,screen,said,one,send,message,watch,show,play,game,said,want,one,side,fine,come,taking,taking,outside,enjoy,grew,dad,really,let,u,leave,room,want,daughter,response,wa,detention,boring,parent,know,middle,ground,stuff,go,limiting,child,use
doubt,technology,anywhere,near,quick,search,work,road,like,min,drive,good,day,since,wife,agreed,working,order,full,time,stay,home,mother,couple,month,constantly,see,baby,never,dad,want,missing,taking,night,shift,since,one,working,really,really,really,would,like,sort,way,check,baby,work,know,could,adore,hopefully,able,video,chat,well,want,feel,like,barely,see,dada,need,monitor,per,say,sure,get,idea,trying,get,good,setup
think,typical,year,old
know,controversial,view,point,like,guidance,support,lesson,learned,parent,successfully,way,please,avoid,debate,strongly,disagree
together,ha,year,old,child,previous,relationship,raise,stepdaughter,grade,received,progress,report,wa,horrible,category,received,failing,behind,grade,level,mean,grade,level,wa,show,progress,report,tell,feel,tell,need,acknowledge,ha,gym,art,class,made,get,upset,really,care,failing,grade,today,take,rolling,skating,eat,feel,like,wrong,treat,like,let,play,day,let,stay,watching,night,go,sleep,try,implement,discipline,structure,without,u,page,almost,impossible,like,wrong,would,washed,hand,situation,child,also,worried,raise,child,way,advice
curious,control,time,age,group,best,practice
open,help,suggestion,offer,thank
edit,clear,soliciting,advice,relationship,per,se,know,know,marriage,answer,every,relationship,question,aspect,need,worry,effect,daughter,go,concrete,evidence,good,thing,daughter,instead,saying,unhappy,situation,think,willing,change,behavior
daughter,say,bad,abusive,dad,picture,friend,close,item,break,take,care,stuff,rebuy,without,seeing,change,behavior,wrong,parent,technology,anything,wa,never,felt,jealous,flexed,normal,angst,anyone,else,experienced
wrong,get,advice
subsequent,discussion,parent,reading,post,way,lock,limit,child,screen,time,well,ability,delete,anybody,know,anything,tutorial,anybody,suggest
way,able,restrict,day,like,make,sense,course,jealousy,aspect,something,like,child,technology,get,better,world,change,also,one,yet,definitely,still,process,would,love,input
tip,future,son,quick,paced,digital,technology,likely,experience,know,little,week,pregnant
advice,welcome
looking,suggestion,put,fake,younger,birthday,child,apple,account,want,understand,parental,control,work
responsibility,caretaker,every,child,different,seen,something,work,work,one,child,mean,result,another
worried,lack,interest,effect,mental,health,view,husband,father,loss,advice,would,great
going,end,wot,request,diligent,parent,post,solution,also,appreciate,comment,tell,allow,dont,bother,way,communicating,unfortunately,removing,put,socially,void,island,believe,watched,month,wa,grounded,phone,hard,witness,cut,social,group
help,feedback,advice,could,better,appreciate,thanks,fellow,parent
yr,old,father,split,year,ago,relationship,wa,never,great,together,wa,hard,enough,since,split,impossible,around,accord,come,around,request,visit,never,deny,unless,unreasonable,buy,flashy,expensive,stuff,like,pro,year,old,amongst,many,unnecessary,item,never,refuse,got,resentful,money,make,well,money,bother,come,around,two,week,decide,like,something,want,pick,fight,block,daughter,ignore,month,end,beg,plead,see,make,fault,someone,else,seeing,finally,drawn,line,sign,never,legal,action,child,support,nothing,ever,decided,drop,contact,begging,cut,tie,trying,let,daughter,broken,heart,mend,calling,family,visit,refuse,set,schedule,come,written,agreement,regarding,visit,step,dad,telling,wrong,cutting,contact,refusing,visit,without,agreement,place,belief,allow,middle,man,done,work,end,see,go,thing,keep,seeing,go,child,heart,literally,ache,every,time,come,fair,responsibility,shield,willing,let,hurt,hope,understand,end,issue,loss,want,nothing,relationship,never,someone,amazing,life,treat,way,dad,want,someone,help,complete,loss
learned,today,share,amazing,toddler,small,child,want,exit,video,play,game,whatever,know,go,setting,tap,general,accessibility,scroll,way,access,turn,turn,accessibility,screen,click,setting,click,set,access,made,mine,birthday,since,time,use,feature,go,want,child,triple,click,home,button,triple,click,lock,button,activate,allow,access,within,disable,entire,screen,circle,entire,screen,option,boom,set,exit,triple,click,home,button,enter,password,set,amazing,hack,hope,help
sure,even,advice,would,greatly
age,month,old,toddler,older,brother,step,son,share,old,used,use,problem,however,boy,toddler,spectrum,fight,control,phone,hog,phone,day,properly,share,take,phone,away,week,time,issue,still,persist,given,back,well,couple,day,ago,boy,real,dad,house,toddler,wa,disruptive,irritable,phone,bedtime,fit,rage,fed,fact,brother,may,severe,addiction,phone,knee,right,front,normally,snap,hard,something,came,made,feel,like,eliminate,problem,whole,immediately,lost,could,tell,somewhat,trust,know,front,right,taking,away,issue,feel,absolutely,horrible,guilty,time,overall,behavior,ha,quite,bit,following,day,saying,wa,right,wa,removing,completely,right,thing,also,feel,bad,boy,game,progress,game,lost,still,back,dad,house,yet,idea,also,wife,belief,toddler,time,get,angry,phone,throw,ground,hard,possible,believe,reason,broke,easy,first,place,feel,absolutely,horrible,taking,away,huge,source,entertainment,month,work,progress,boy,game,time,pay,streaming,service,use,rather,use,daughter,smashing,phone,also,make,feel,horrible,time,house,whole,far,improving,phone,toddler,child,branded,tablet,getting,boy,switch,still,feel,like,something,feel,horrible,believe,wa,greater,good,home,individual,device,come,please,give,insight,opinion,matter,really,wrong,feel,take,right,step,albeit,wrong,way,admit,fixing,constant,fighting,house,three
potential,device,ten,year,old,mac,connect,data,connected,wi,fi,chrome,book
question,type,phone,give,first,phone,problem,issue,phone,phone,different,first,would,like,know,information,decide,type,phone,get,daughter,currently,considering,think,like,like,know,opinion,suggestion,phone,feel,free,send
tried,reasoning,emma,afford,necessary,shut,every,time,without,listening,good,relationship,really,struggling,help,year,old,learn,perspective,reduce,sense,entitlement
screen,replacement,said,told,would,taken,away,nephew,thing,got,heavy,like,technically,took,blame,think,sister,teach,son,hurting,girl,bad
year,old,birthday,recommend,already,tried,doe,allow,specific,site,blocked,bark,connected,doe,work,also,time,father,grandparent,would,really,like,able,keep,art,us,seem,child,friendly
anyone,positive,experience,toy,baby,phone,doe,child,know,fake,real,thing,feel,like,remote,phone,month,favorite,ha,development,stage,wanting,like,take,diaper,expect,get,clean,one,without,fight,anyway,tried,every,trick,book,nothing,hold,attention,long,enough,make,thing,easier,diaper,like,entering,war,zone,thing,keep,peace,poop,need,giving,son,phone,chew,look,husband,keep,upper,body,dirty,work,feel,guilty,technology,way,thought,getting,fake,baby,know,would,make,thing,worse
edit,thank,everyone,enlightened,next,step,plan,smart,phone,arrange,family,continue,individual,parent,love,empathy,action,reaction,keep,busy,busy,busy,listen,love,got
hi,wife,first,child,day,ago,need,input,feeding,need,track,trend,found,bunch,need,one,use,separate,device,thanks,advance
thanks,reading,sorry,long,please,nice,get,advice,also,talking,therapist,incident,tomorrow,help,shed,light,onto,problem,know,daughter,ha,good,head,shoulder,imagine,job,respecting,authority,ha,change,function,later,thanks,reading
think,born,bad,sister,growing,ha,narcissistic,histrionic,personality,disorder,know,much,help,honestly,fearful,becomes,teen,think,everyone,getting,lock,bedroom,door,sleep,actually,scare,currency,nothing,matter,enough
thanks,guy,provide,update,future,hopefully,good,update
baby,cry,pick,stop,doe,become,issue,give,baby,squeal
considering,back,therapy,see,ha,idea
reform,military,school,viable,option,something,say,week,come,home,weekend,near,sure,option
edit,never,ex,household,child,complain,thing,previously,always,given,different,point,view,talk,father
loss,completely,new,please,help,u
wife,f,daughter,f,joint,custody,ripping,house,apart,attitude,entitlement,considering,getting,need,help
second,child,march,morning,get,used,breastfeeding,public,keep,three,half,year,old,time,suggestion,keep,let,watch,video,sure,room,diaper,bag,book,thinking,notebook,crayon,worried,get
know,would,much,monitor,see
think,act,way,dad,around,despite,fact,ha,really,great,grandfather
advice,thought,please
exhausted,best,ignore,engage,back,literally,polite,school,event,say,hello,extent,every,time,come,home,vent,hour,crazy,crap,said,week,exhausting,one,minute,still,husband,home,together,got,together,next,abuser,torturing,people,act,way,hell,put,child,nonsense,let,go
sarcastic,guide,moving,house,daughter,turning,next,month,happy,healthy,talk,much,actual,child,raising,part,rant,ha,never,without,necessity,never,let,schedule,change,think,picked,stress,growing,got,clingy,tendency,probably,need,therapy,later,line,situation,alive,making,comfortable,living,wage,starting,literal,zero,year,ago,weird,run,family,family,trying,take,ha,year,fighting,struggling,luck,get,wish,one,hope,made,right,decision,keep,child,happy,healthy
took,away,reiterated,thing,let,go,party,afterward,much,cry,sobbing,part,spent,rest,day,room,went,chat,pretty,benign,feeling,guilty,awful,strict,first,place,ironically,enough,talking,phone,standing,ground,access,bigger,issue,lying,smaller,issue,wa,actually,advice,welcome
parent,please,please,please,make,sure,child,disturb,driving,road
seen,phone,telling,one,friend,use,unreasonable,live,rural,area,new,everyone,know,everyone,friend,child,younger,social,medium,like,logic,live,childhood,life,extent,feel,like,social,medium,wait,till,older,curious,parent,outlook,social,medium,age,lenient,child,tip,teach,social,medium
thanks
like,never,thought,reason,suddenly,missing,stuff
thanks,reading
please,help,advice,offer
youve,experienced,similar,advice,help,sleep,night,would
opposed,spending,maybe,would,love,explanation,advice,would,worth,need
yo,tough
hope,spur,interesting,conversation,hope,great,break
question,query,doe,everyone,else,handle,cell,phone,child,want,new,think,much,phone,child,ridiculous,thinking,maybe,want,waste,money,ya,know,option,idea
like,spend,around,thats,enough,get,everything,listed
eta,aware,quite,young,cell,phone,recommendation,friendly,device,looking,start,debate,family,big,travel,helpful,way,keep,touch,promise,dumping,child,random,place,unattended
rant
update,sister,parent,mad,sister,spent,two,hour,watching,show,everything,told,sister,miss,moving,hour,away,go,besides,freedom,besides,si,angry,family,want,go,party,school,night,parent,let,best,friend,stay,best,friend,old,girl,dating,sister,ex,made,si,cried,load,teen,drama
chose,chance,misdeed,result,child,free,mommy,daddy,weekend,afford,go,away,month
thanks,advance,everyone,might,r,husband,going,split,large,bottle,wine
think,topic,might,interest,child,young,adult,content,interactive,based,video,would,love,thought,thank
piggy,bank,parent,bank,version,child,version,parent,deposit,withdraw,money,child,account,cash,also,added,child,automatically,see,balance,increase,like,making,deposit,bank,balance
know,right,course,action
seen,technology,addiction,middle,school,aged,child,wondering,anyone,ha,thought,prevent,specific,concern,child,yet,wondering,might,trap,try,avoid,dealing,something,wish,done,differently
edit,saying,much,time,allow,non,trivial,game,take,long,get,add,time,game,dance,game,change,time,limit,live,climate,get,typically,inhospitable,outside,play,winter,month,context
curious
new,lo,wa,avid,video,game,player,prior,play,often,understandably,play,different,well,game,used,interesting,especially,strategy,game,like,shooter,game,making,game,really,waste,money,anyone,else,issue
please,would,love,anyone,situation,provide,suggestion
zero,interest,play,video,game,future,parent,allow,strict,rule
son,three,almost,four,know,seen,even,love,sonic,ever,since,thanksgiving,super,let,play,sometimes,ha,even,beat,couple,level,big,problem,get,really,upset,tell,get,wife,also,think,young,say,violent,say,tell,reality,fantasy,yet,looking,people,opinion,fact
know,popular,age,phone,yet,plan,giving,phone,soon,thinking,game,like,crash,bandicoot,strategic,game,know,video,game,help,stress,know,said,help,increasing,intelligence,given,time,restriction,time,play,think,still,worth,beneficial,technology,nowadays,video,game,mostly,also,best,age,introduce,video,game
great,husband,make,time,time,need,stay,home,baby,without,making,feel,guilty,want,spend,time,son,without,game,actually,bond
husband,well,tried,tell,get,rid,ha,proven,able,follow,rule,electronic,thing,get,think,need,room,anyways,past,taken,away,week,given,back,work,deterrent,either,loss,would,never,let,room,age,ha,one,room,since,wa,know,make,suggestion,gingerly,husband,sort,thing
year,old,daughter,ha,switch,couple,month,one,friend,house,summer,thinking,getting,one,th,birthday,wa,wondering,game,good,age,young,something,like,husband,never,video,game,game,came,older,daughter,know,would,set,time,limit,get,something,like
lot,resource,push,towards,fire,wondering,anyone,give,first,hand,reference,tablet,another,prefer
son,th,coming,want,another,video,game,ha,think,great,game,husband,play,together,weekend,another,good,game,get,want,bad,thing,let,fortnight,rated,teen,like
son,turn,next,month,thinking,getting,switch,video,game,ha,experience,still,say,want,curious,anyone,young,regret
thought,video,game,screen,lite,family,boy,man,like,every,play,video,game,point,wife,grade,teacher,see,lot,screen,addiction,present,learning,disability,autism,spectrum,want,play,game,actually,find,lot,benefit,getting,harder,harder,lot,want,talk,game,time
son,yo,play,ton,video,game,friend,always,battle,get,worry,getting,way,stuff,like,homework,much,time,normal,play,video,game,much,much
edit,game,ha,sword,crash,bandicoot,none,game,seem,different,causing,psychotic,behavior
edit,husband,talk,thank,everyone,eye,opening,comment,advice
year,old,daughter,get,minute,screen,time,per,day,probably,going,closer,school,ha,time,show,whether,tablet,wa,thinking,game,tablet,feel,like,would,productive,watching,show,th,time,currently,ha,khan,academy,probably,us,time,per,week,however,concerned,video,game,addiction,benefit,video,game,tablet,opposed,watching,screen,time,equal
thanks,lot
edit,note,screen,time,limit,summer,school,year,get,amount,time,weekend,homework,dinner,nearly,much
update,someone,parental,control,could,use,set,limit,switch,got,believe,work,show,long,ha,switch,game,currently,love,already,set,limit,hope,help,regain,control,without,feeling,like,worst,world,thank,everyone,wonderful,suggestion,advice,feel,alone,bless
growing,always,time,technology,sending,paper,card,still,something,done
curious,solve
want,make,completely,exhaustive,list,least,enough,help,people,get
tested,positive,covid,however,like,day,symptom,like,day,husband,child,fever,broke,today,chest,still,heavy,congested,feel,nearly,bad,yesterday,slight,headache,hopefully,symptom,peaked,yesterday,day,mend,c,intake,pregnant,everyone,else,c,intake,well,giving,magnesium,zinc,supplement,taking,normal,appointment,today,pulmonary,doctor,asthma,po,monitor,blood,pressure,cuff,infant,one,toddler,small,child,small,adult,regular,adult,stethoscope,everyone,vitals,every,monitor,vitals,husband,ha,ton,condition,highest,risk,severe,comfortable,keeping,eye,family,part,left,work,beginning,covid,child,school,closed,child,care,husband,ha,worked,pandemic,u,able,work,without
anyone,else,struggle,focus,watching,video,game,common,era,home,productive,hear,show,video,game,constantly,normal
would,love,hear,people,similar,boat
thanks
also,switch,game,seem,expensive,maybe,subscription,get,classic,game,would,suffice,price,reasonable,last,checked
genuinely,curious,handle,child,tween,access,world,game,know,one,son,entire,grade,class,play,rest,deal,danger,participation
fairly,new,mother,five,year,old,boy,got,access,little,quickly,thanks,father,know,video,game,computer,stop,nagging,purchase,one,grew,fairly,strict,home,used,new,age,technology,anyone,faced,similar,struggle,technique,apply,set,boundary,son
year,old,ha,picked,video,game,nephew,past,couple,month,stop,wa,essentially,racing,game,wa,fun,lately,ha,gotten,rocket,league,even,however,past,couple,week,ha,become,increasingly,game,even,point,cry,game,going,reason,cry,either,losing,game,best,scorer,team,winning,sometimes,start,cry,teammate,bump,miss,scoring,goal,crying,stop,like,minute,start,kicking,screaming,tell,tone,tried,telling,play,different,game,different,format,play,player,adamant,play,lot,time,cry,see,beneficial,level,going,surprise,new,game,thinking,stopping,gaming,completely,think
melted,instantly,hour,work,week,night,getting,second,job,holding,sleeping,baby,one,arm,homework,everything,wa,worth,one,little,sentence,even,sure,two,year,old,completely,yet,one,best,feeling,ever
know,popular,age,phone,yet,plan,giving,phone,soon,thinking,game,like,crash,bandicoot,strategic,game,know,video,game,help,stress,know,said,help,increasing,intelligence,given,time,restriction,time,play,think,still,worth,beneficial,technology,nowadays,video,game,mostly,also,best,age,introduce,video,game
wondering,parent,similar,thing,type,strategy,employ,keep,household,positive,gaming,environment
thank
anyone,else,experience
sorry,old,topic,game,purchase,video,game,many,argument,home,especially,one,available,one,day,fortnight,remember,used,advocacy,group,bring,law,regarding,truth,advertising,child,hell,company,use,tactic,prey,child,mercilessly,could,snap,finger,make,computer,game,disappear,heartbeat
always,video,game,especially,simple,fun,one,computer,game,wait,share,activity,child,age,acceptable,development,cognitive,longer,period,attention,span
one,insight,behavior,really,big,deal,want,get,better,idea,going
suggestion,old,android,device,could,use,computer,connected,projector,via,also,considering,waiting,till,could,borrow,old,system,brother,think,ha,super,dust,basement
ha,everyone,else,handled,video,game
edit,mention,allowance,wa,removed,restriction,already,place
thanks
little,older,truck,boy,feel,old
pardon,misspelling,voice,text,busy,child,morning
edit,add,sibling,child,play,home
edit,add,new,game,come,literally,take,day,work,play,get,take,hour,housework,see,problem
way,help,work,make,worse,wait,outgrow
plan,put,together,video,finished,game,wa,really,excited,see,start,use,discussion,play,together,help,understand,life,experience,better
anyone,suggestion
worth,switch,daughter,ten,play,advanced,game,looking,game,seven,year,old,play,also,two,relatively,close,age,probably,know,thing,go,thanks
sub,find,thread,video,game,time,limit,age,time,limit,weekday,weekend,separately,video,game,set,age
manage
disclaimer,video,game,control,life,play,sport,fall,spring,winter,sport,combined,weather,make,stay,house,play,video,game,still,time,outside,friend,ha,friend,coming,today,debate,daughter,already,want,use,bonus,room
give,child,tablet,feel,child,wa,behind,school,really,make,difference
edit,context,allow,watch,tube,form,social,media,mostly,video,main,one
yo,boy,single,child,admittedly,bit,sore,loser,working,play,board,game,correct,catch,trying,cheat,change,rule,catch,going,easy,especially,really,bad,string,luck,dice,something,got,video,game,like,play,except,play,set,game,instead,computer,play,control,every,aspect,sometimes,even,doe,player,sometimes,want,play,except,insist,turn,well,really,play,know,told,play,choose,move,way,play,wondering,anyone,else,ha,problem,sore,loser
yr,old,son,ha,interest,eating,switch,tried,everything,bought,baseball,glove,bounce,back,tire,swing,corn,hole,get,interested,outdoors,show,interest,matter,try,getting,something,switch,like,teeth,know,else,anyone,experience,done,instill,interest,desire,something,play,game,system
honestly,dont,know,reasonable,amount,right,limiting,weekend,thrown,lot,temper,tantrum,issue,want,fair,also,want,addicted
wife,looking,additional,activity,yo,daughter,three,u,play,super,cart,together,thinking,getting,switch,play,game,together,wondering,anyone,ha,luck,switch,game,young,child,game,recommend
anyway,like,limit,video,game,napping,stopped,unreasonable,thinking,bring
feel,like,constant,fight,small,amount,homework,wonder,suggestion,thanks
know,personally,similar,thing,child,father,wa,strict,resentment,towards,wa,excited,five,wa,getting,two,play,together,behavior,lately,feel,like,rewarding,bad,behavior,really,sure,handle,want,take,video,game,completely,away,love,wish,could,share,confused,looking,advice
someone,wa,good,idea,would,get,something,small,old,afraid,would,use,game,maybe,get,use
yesterday,wa,eye,opening,experience,husband,took,f,boat,inlet,fishing,hanging,beach,wa,upset,hate,fishing,water,made,go,way,money,bet,ever,biggest,fish,would,win,participate,put,foot,water,hate,water,wa,raised,going,beach,boat,jet,ski,wa,jet,ski,last,summer,would,like,family,would,enjoy,response,nothing,got,go,vacation,friend,said,hate,water,beach,wa,going,thing,water,beach,covid,spending,free,time,friend,watching,doe,chore,poorly,cook,breakfast,lunch,dinner,family,ever,day,help,daughter,doe,day,doesnt,something,new,summer,ask,wa,x,month,weekend,spend,family,day,u,watch,phone,take,away,go,sleep,matter,thought,cut,time,greatly,participate,input,understand,trying,give,room,grow,even,tried,play,game,husband,play,video,game,trying,bound,something,like,nothing,refuse,wa,covid,want,participate,lost,show,tough,love,continue,force,family,stuff,x,month,give,concerned,problem,emotional
someone,give,hope,cleaning,service,sept,season,every,year,budget,grocery,delivery,time,frame,well
anyway,good,title,throw,take,care
hi,fellow,parent,year,old,game,among,us,switch,currently,allow,play,game,require,access,would,game,fun,play,without,friend,recommendation,similar,game,require
son,love,idea,video,game,love,watching,play,even,tried,play,really,bad,barely,year,old,video,game,fan,idea,game,might,good,starting,point,get,used,control,work,game,interesting,require,pressing,three,button,camera,time
hi,old,son,rest,day,get,home,school,behind,computer,screen,told,start,getting,going,outside,exercise,take,game,away,bo,nonstop,good,game,ha,ton,follower,honestly,like,several,hour,good,school,come,home,doe,homework,get,game,never,get,back,go,outside,school,say,run,track,think,good,sit,hour,hour,coming,home,school,many,follower,ha,love,friend,watch,stream,understand,need,get,every,awhile,wa,glass,last,year,see,due,much,computer,time,eye,strain,made,schedule,last,year,play,well,keep,going,behind,schedule,getting,work,stuff,know,said,screw,schedule,need,help,get,game
end,really,tired,school,know,know,operate,without,remote,help
disclosure,play,much,day,binge,weekend,mad,game,see,difference,regular,feel,bias,video,game,among,educator,born,data,based,study,read,regarding,video,game,creativity
advice,would
also,anyone,familiar,game,something,play
outright,told,teacher,wa,garbage,son,added,well,child,psychologist,hell,stop,trying,play,one,create,problem,none
want,take,away,video,game,completely,since,think,make,problem,worse,idea,make,important,limit,watching,expect,physically,active,social
edit,clarity,concern,booze,drug,place,doe,bare,minimum,ha,phone,right,mind,speak,manipulative,part,safety,plan,contact,family,member,something,communication,habit,family,really,important
edit,thanks,helpful,response,give,warning,min,ha,stop,watching,probably,consistent,enough,think,buy,timer,warning,also,implement,screen,token,system
thanks
anybody,experience,game,like,something,look,know,probably,behind,time,technology,wise,person,care,know,much,technology,become,big,part,family,life
friend,talking,recently,son,play,old,video,game,console,stop,messing,friend,think,video,game,age,bad,bad,cell,phone,disagree,first,got,video,game,around,age,son,feel,like,wa,pretty,like,watching,random,video,grew,game,like,think,wa,overall,good,activity,young,brain,stuff,also,thing,son,sometimes,together,since,game,like,giving,child,phone,leave,alone
cut,completely,better,way,u,answer,week,unlike,older,sister,much,doe,love,building,thing,much
wa,curious,parent,would,look,solve
necessity,would,think,would,need,fast,paced,action,game,feel,tend,focus,reaction,time,learning
please,tell,one,would,rather,watch,paint,dry,listen,rambling,something,saw,video,game
sure,right,place,please,move,son,life,mile,away,want,watch,play,video,game,android,tablet,wondering,best,way,achieve,tried,thing,like,work,drop,connection,often,also,tried,parsec,get,work,right,tablet,twitch,looking,option,thanks,help
since,another,son,husband,husband,big,game,twin,see,dad,much,really,video,game,yet,starting,spend,time,friend,house,gaming,system,one,play,hesitant,situation,ex,want,raise,video,computer,game,young,introduce,video,game,buy,system,like,wait,buy,one,education,based,game,school,computer,one,twin,interested,assuming,allow,brother,play,seen,many,parent,complain,fortnight,addiction,imagine,going
anyone
edit,thank,everyone,advice,resource,going,excited
edit,like,answer,exposure,anyone,may,stumble,post,question,really,hate,video,game,hell,hate,even
yes,face,consequence,waking,hour,course,continue,prevent,night,thanks,advance,suggestion
study,wa,done,university,york,read,study,york,news,event,news,research,evidence,link,violence,video,game
edit,bedtime,school,night
trying,decide,whether,wait,year,get,video,game,grew,video,game,much,time,would,love,know,game
one,hand,love,game,son,think,lot,fun,worry,going,develop,good,skill,interest
thank,feel,anxious,taking,win,lose,mentality,sometimes,talking,fellow,parent,help,keep,thing,perspective,thanks
would,like,introduce,video,game,game,gaming,system,look,remember,motion,driven,gaming,would,encourage,movement,controller,hand,love,gymnastics,dancing,well,dance,along,music,video,would,like,something,would,enjoy,along,younger,sister
even,know,wa,possible,wife,going,angry
love,hear,idea
son,want,play,video,game,see,dad,play,al,time,dad,say,give,positive,matter,understand,lot,educational,game,also,see,lot,negative,video,game,anyone,let,child,play,advantage,positive,video,game,age
good,guideline,video,game,summer
son,home,sick,today,fever,currently,play,video,game,clearly,feeling,well,also,want,give,impression,play,sick,video,game,rather,go,school,parent,sick,day,regard,video,game
year,old,son,ha,interest,enthusiasm,anything,video,game,super,personally,fan,video,game,father,see,twice,week,limit,game,play,sport,whenever,come,going,game,practice,even,leisure,activity,like,fishing,going,throw,fit,complain,whine,boring,open,mind,help,enjoy,life,ha,offer,reduce,amount,time,going,thing
wondering,generational,thing,sometimes,get,impression,every,single,eventually,get,super,video,game,wa,wa,category,hobby,like,sport,like,book,like,nature,like,video,game,feel,like,almost,stage,life,category,know,many,aged,know,picture,distorted
my,year,old,son,ha,no,interest,or,enthusiasm,about,anything,but,video,game,he,s,super,into,i,m,personally,not,a,fan,of,video,game,at,all,but,his,father,is,we,are,and,he,see,him,twice,a,week,we,both,limit,his,game,play,and,him,up,for,sport,but,whenever,it,come,to,going,to,his,game,or,practice,or,even,leisure,activity,like,fishing,going,out,he,throw,such,a,fit,and,will,complain,and,whine,that,it,s,so,boring,how,can,i,open,his,mind,and,help,him,to,enjoy,all,that,life,ha,to,offer,and,reduce,the,amount,of,time,about,going,to,do,thing
i,m,wondering,if,this,is,a,generational,thing,or,not,sometimes,i,get,the,impression,that,every,single,eventually,get,super,into,video,game,when,i,wa,a,it,wa,more,in,the,category,of,hobby,some,like,sport,some,like,book,some,like,being,in,nature,some,like,video,game,now,i,feel,like,it,s,almost,more,in,the,stage,of,life,category,but,i,don,t,know,many,aged,so,i,don,t,know,if,my,picture,is,distorted
i,m,wonder,if,is,a,thing,or,not,i,get,the,impress,that,get,super,into,video,game,when,i,wa,a,it,wa,more,in,the,of,some,like,sport,some,like,book,some,like,be,in,some,like,video,game,now,i,feel,like,it,s,almost,more,in,the,stage,of,life,but,i,don,t,know,mani,age,so,i,don,t,know,if,my,is,distort
anyone,ha,suggestion,advice,parental,control,making,wise,choice,technology,turning,everything,providing,dumb,phone,please,let,know,dumb,phone,doe,hard,time,making,friend,ha,ha,made,came,anime,convention,doe,like,play,game,stream,thing,want,take,unless,since,ha,hard,time,fitting,around
advice,need,know,taking,plunge
loss,right,seriously,concerned,safety,anyone,advice,handle,program,could,possibly,get,help
anyone,wonder,people,raised,lot,technology,sleep,train,sleep,easier,rule,always,prior,generation,one,day,feel,barely,head,water
losing,mind
entertainment,sit,day,interrupt,chore,naturally,get,upset,pry,away,screen,advanced,class,academically,part,concern,instead,inspired,learn,new,thing,free,time,binge,watching,therefore,considering,limiting,access,couple,hour,per,day,especially,however,want,impose,considering,waning,making,interested,activity,problem,cannot,seem,motivate,inspire,thing,long,ago,told,pay,create,simple,wa,block,last,year,school,hope,wa,would,research,go,wa,highly,first,gave,next,day,went,back,binge,watching,week,pay,research,content,draft,article,new,want,start,family,project,see,pull,advice,limiting,consumption,without,actually,imposing
explain
late,let,bring,back,strict,culture,learn,say,child,teacher,raise,voice,child,read,post,say,better,best,wa,done,parent,entertain,talking,bad,teacher,enough,friend,work,start,parent
son,feel,like,gotten,used,convenience,screen,even,toy,something,background,like,use,game,phone,need,get,something,done,get,rowdy,restaurant,pop,screen,front,lately,starting,ask,toy,afraid,may,early,even,use,phone,front,much,worried,going,create,child,addicted,screen,create,good,balance,even,correct,way,world,child,play
suggestion,include,manufacturer,style,please
wife,lot,tension,leaving,tomorrow,first,honeymoon
piece,wrench,screwdriver,metric,b,f,ref,c,j,j,c,th,piece,wrench,screwdriver,metric,b,f,ref,c,j,j,c,th
like,share,experience,anyone,interested,answer,question,may
love,get,idea,thing,may,thought,yet
right,supporting,trust,never,scold,want,know,detail,together,overcome,learning,need,ask,know,eventually,road,need,focus,shift,academic,want,head,start,thing,starting
end,rope,sure,please,let,know,thought
responsibility,caretaker,every,child,different,seen,something,work,work,one,child,mean,result,another
technology,folk,certainly,reversing,keep,proficient,technology,world,leave,behind,bad,tablet,computer,unsure,metric,used,describe,bad,say,ye,technology,still,devil,wa,whole,childhood,necessity,world,live,today
appreciate,help,advice,give,thanks
thought,aware,taking,step,like,bit
edit,injured,even,sure,fell,far,know
insist,spending,mo,old,son,could,tell,buy,first,thought,wa,college,fly,technology
quite,sure,respond,want,reply,directly,sam,message,daughter,tell,giving,daughter,phone,mention,bit,worried,zero,parent,sam,getting,onto,also,want,tell,daughter,disappointed,sigh,tolerate,abusive,another,reason,seen,get,year,ago,wa,disgusting,also,tolerate,hanging,friend
big,deal,say,parent,raised,concern,feel,like,situation,getting,worse
interested,know,space,wisdom,intentionality,thanks
wife,reward,idea,would,said,ha,play,outside,agree,either,guess,sure,point,whatever,kind,disappointed,sure,looking,correctly
thank,comment
people,think,behavior
found,post,helpful,valuable,learned,something,useful,technology,impact,child,please,consider,free,open,pub,p,doe,tech,affect,imagination,campaign,post,medium,web,open,pub,p,doe,tech,affect,imagination,campaign,post,medium,web
finally,wondering,people,ya,know,alt,book,article,resource,topic
ask,world,think,barely,th,grader,use,technology,originally,bought,wa,thought,would,useful,walking,short,distance,home,school,wa,thought,maybe,guess,buy,one,quickly,wa,obvious,ready,one,lot,disregard,care,game,day,reason,bought,call,wa,away,switched,device,watch,eventually,gave,phone,back,age,strict,restriction,could,use,give,take,day,included,limited,text,blocked,aside,school,game,time,limit,call,restricted,month,two,ago,restriction,came,aside,blockage,know,exactly,came,left,thought,maybe,need,time,talk,text,people,isolated,year,never,close,friend,wa,never,demanding,eager,get,phone,time,really,accepted,rule,without,covid,play,video,game,never,past,wa,younger,like,baby,sitter,used,let,play,wa,rule,wa,never,home,around,august,lost,privilege,told,wa,month,straight,u,know,pandemic,ha,school,already,computer,day,school,feel,really,stare,screen,much,longer,anyway,couple,month,ago,caught,looking,girl,blocked,inappropriate,site,go,incognito,doe,thing,computer,anyway,know,normal,told,appropriate,like,happening,computer,let,watch,watch,movie,together,multiple,night,week,sometimes,watch,show,without,also,ha,doctor,told,general,limit,screen,time,add,anyways,wondering,doe,fun,spare,time,active,physical,activity,take,time,used,hockey,team,ha,fallen,short,go,open,skate,x,week,doe,exercise,routine,twice,day,take,time,day,read,doe,chore,play,practice,piano,guitar,sometimes,watch,phone,watch,together,help,cook,night,put,phone,kitchen,table,near,room,anyways,recently,phone,school,sneaking,bed,every,night,room,decided,take,away,decided,wa,grounded,honestly,want,give,back,reason,gave,first,place,wa,could,contact,together,always,together,go,anywhere,barely,either,view,many,addicted,want,getting,question,bitch,wanting,limit,much,taking,phone,away,want,give,back,go,back,school,person,know,still,see,friend,school,hour,care,also,see,friend,open,skate,cousin,come,every,weekend,mind,taking,outside,wondering,doe,anyone,else,limit,screen,time,take,away,phone,even,give,yr,old,phone,amongst,friend,one,uncommon,bad
yet,come,sock,stay,infant,foot,deal
experienced,similar,situation,cope
love,idea,new,technology,half,custody,year,old,research,watch,beneficial,child,us,one,work
generally,pretty,strict,technology,year,old,son,believe,much,screen,time,harmful,nightmare,getting,addicted,screen,careful,avoid,screen,time,regular,screen,time,get,family,movie,night,every,couple,week,share,tablet,used,road,trip,waiting,room,even,encourage,bring,toy,book,instead,however,recently,may,making,peer,strict,screen,time,day,always,video,game,want,give,much,exposure,screen,want,known,weird,relate,peer,think,ha,got,happy,medium,somewhere
daughter,basically,try,go,slow,technology,doe,watch,frequently,really,best,use,play,toy,stuff,include,screen,time,understand,new,era,everything,around,technology,want,enjoy,real,important,moment,life,definitely,whole,life,use,advantage,dad,disagree,say,raise,however,want,keep,mind,new,era,introduce,technology,know,people,blind,see,much,technology,separate,reality,disconnect,parent,day,wa,laundry,daughter,wa,tablet,watch,cartoon,everything,else,daughter,hand,play,daughter,watch,lot,great,cartoon,appropriate,beneficial,u,believe,everything,balance,age,accordingly,absolutely,nothing,important,making,great,memory,together,someone,tell,point,view
anyone,else,dealt,something,like,anything,worked,single,currently,school,working,part,time,order,afford,therapy,time,spent,reading,book,different,method,trying,find,something,might,work,know,self,esteem,issue,know,without,start,know,motivate
hello,parent,probably,think,developer,know,getting,interested,learning,technology,important,balance,getting,addicted,phone,computer
cheer,parent,ballet,parent,advice,could,give
advice,would,much
year,old,curious,much,tablet,affect,affecting,behavior,guy,study,read,book,study,stuff,understand,technology,used,fairly,recent,last,year,wife,sure,much,screen,time,much,ill,play,morning,eat,ill,usually,put,show,eat,watch,need,get,thing,done,nap,might,leave,bed,let,watch,movie,tablet,straighten,whatever,long,car,ride,shell,get,movie,start,getting,fussy,want,walk,around,pull,tablet,well,hate,restaurant,quite,old,enough,color,draw,read
son,major,technology,curfew,involved,something,deep,phone,share,detail,worried,emotionally,attached,phone,social,medium
think,would,play,lot,first,excitement,would,die,little
study,recently,found,mobile,phone,use,toddler,negative,impact,cognition,attention,know,guilty,daughter,cell,phone,ha,keep,middle,something,curious,much,concern,doe,research,like,raise,growing,today,symptom,world,live
still,pull,look,fondly,time,time,saving,hope,spring,eternal
question,whenever,upper,hand,carrot,per,se,effective,way,use,get,long,term,change,positivity,child,know,summer,daughter,read,chapter,book,order,get,one,special,mon,card,reward,wa,given,really,create,lasting,change,smart,people,say,parent,use,child,want,effectively,know,set,bar,low,get,easily,honestly,think,higher,bar,set,already,pretty,good,conversational,resource,would,help,greatly,thank
decide,life,driving,crazy,degree,used,work,animal,medicine,dont,like,animal,want,switch,human,medicine,direct,patient,care,considering,associate,degree,technical,skill,struggling,feeling,like,lesser,bachelor,degree,already,brain,need,help
deal,anxiety,plan
help,u,please
edit,android,device
know,step
thanks
look,head,head,laughing,thing,last,minute,without,fighting,call,win
year,old,boy,year,old,girl,non,binary,identity,teacher,successful,people,middle,school,aged,loss,son,failing,class,amount,encouragement,punishment,help,care,enough,work,make,excuse,athletic,interested,organized,sport,ha,think,hung,moon,darling,girl,outside,driven,nothing,think,healthy,ha,anxiety,bounce,f,dime,child,feel,like,fit,battle,feeling,like,everyone,treat,differently,strong,family,routine,home,healthy,meal,reasonable,bedtime,technology,available,limit,get,outdoors,drive,encourage,hanging,friend,well,forced,family,fun,go,together,neither,involved,drug,far,know,truly,think,hate,relationship,ha,become,roller,coaster,school,work,getting,thing,done,kind,motivation,hate,feel,like,constantly,switching,cheerleader,drill,know,whether,crack,take,away,everything,turn,school,interaction,home,around,let,natural,consequence,punishment,enough,focus,cheerleader,part,feel,like,beautiful,soul,know,every,interaction,say,add,therapy,list,end,advice,parent,got,without
think,technology,good,thing,bad,thing
dispute,customer,support,program
cannot,stand,addicted,technology,even,head,mall,without,tablet,child,sit,lunch,child,ha,offer,moment,fleeting,talk,people,watch,anything,else,never,left,house,daughter,tablet,distract,outing,even,give,phone,table,little,human,need,human,engagement,fed,seeing
issue,approach,thing,well,kill,partner,want,view,phone,tablet,source,entertainment,ha,healthy,relationship,technology,one,rule,stand,strongly,feel,confident,follow
anyone,luck,smart,watch,looking,since,require,kind,contract,also,likely,lose,drop,something,attached
posting,alt,embarrassed,depressed,explain,child,birthday,ruined
used,want,lawyer,tell,want,live,land,really,talk,mate,parent,think,something,going,together,like,survivalist,type,thing,like,go,wood,make,fire,stick,whatnot,even,know,something,concerned,aside,rudeness,teacher,many,parent,would,love,technology,bizarre,mate,basically,whole,world,wanting,live,wood,trend,something
resource,anyone,know,help,help,standard,bar,even,wa,six,sure
know,need,wee,go,pant,use,nappy,diaper,go,toilet,take,ahead,time,take,ha,focus,ha,level,mean,word,ha,trouble,communicating,verbally
love,either,reassurance,last,forever,pretty,sure,get,worse,since,getting,worse,past,month,also,advice,curb,would,really,advice,welcome
use,bathroom,break,school,snack,time,clean,time,bedtime,routine,great,since,say,computer,saying,chore,time,dad,fight,day,toddler,ha,game,everyone,know,already,either,way,hope,help,someone
thank,taking,time,read
thank
healthy,psychologically,technologically,illiterate,lifelong,user
grandmother,helping,make,first,go,cart,weekend,expensive,idea,resource,helping,explore,inclination
since,video,game,point,controversy,society,especially,center,around,moral,panic,video,game,promote,people,especially,young,men,act,violently
use,social,medium,may,impact,brain,development,child,university,north,chapel,hill,brain,scan,child,year,old
mental,health,concern,topped,physical,threat,child,alcohol,drug,teenage,pregnancy,getting
expert,warn,connect,social,medium,use,mental,health,child,hot,topic,drive,major,lawsuit,tech,giant,matter,public,school,recent,file,lawsuit
peer,review,manuscript,link,case,asthma,child,u,air,given,cook,ga,stove,author,admit,childhood,asthma,rel,rare,accord
expert,warn,connect,social,medium,use,mental,health,child,hot,topic,drive,major,lawsuit,tech,giant,matter,public,school,recent,file,lawsuit
play,could,trigger,fatal,cardiac,child,exist,heart,accord,intern,publish,week,life,threaten,cardiac,arrhythmia,sudden,death,dure,electron,game
result,widespread,link,poor,mental,physic,health,mani,expert,weigh,think,child,given,first
u,work,mental,health,professional,become,global,phenomenon,better,understand,patient,struggle,need,better,empathize,anxiety,feel,though,secure,caprice,employer,well,anger,feel,though,cast,wayside,lack,purpose,must,recognize,material,circumstance,shaping,patient,condition,properly,treat
top,tip,mental,health,professional,set,healthy,boundary,child,come,technology,first,kind,parent
shelf,video,game,little,improve,cognitive,ability,certain,well,designed,one,enhance,proficiency,skill,task,switching,also,known
almost,every,teen,ha,account,least,one,social,medium,platform,use,social,medium,reach,friend,share,experience,tell,world,however,without,realizing,addiction
supreme,court,hear,argument,next,month,whether,federal,law,harmful,content,tech,industry,push,social,medium,public,entity,seek,hold,accountable,mental,health,crisis,among,youth
winner,year,prize,social,entrepreneur,help,child,school,build,lab,rural,road,prize,winner,instead,usual
meta,take,step,limit,harm,ad,campaign,place,restrict,target,teen,onward,longer,let,market,aim,ad,teen,base,gender
unveil,new,watch,bring,solid,afford,price,successor,watch,come,safe,third,genus
man,let,year,old,son,play,hi,phone,see,end,happen,michigan,boy,spend,k,kept,ring,car,kept,come,year,old,run,order,dad,phone,fox,child
advice,would,welcome
new,ai,technology,ha,become,popular,school,make,way,life,k,college,student,around,u,ha,made,headline,humanlike,unique,response,question
three,recommendation,report,help,k,leader,build,operate,maintain,resilient,program
construct,middle,high,school,student,create,mobile,video,game,tool,used,u,school,across,state,classroom
teaching,medium,literacy,one,way,inoculate,future,generation,falling,misinformation,also,help,solve,problem,left,behind,today,leader
write,micro,bit,base,non,profit,mission,child,best,digit,partnership,u,base,tech,giant,back,nonprofit,code
prompt,cartoon,teacher,crush,weight,problem,past,new,york,depart,ban,popular,school
student,teacher,longer,access,school,network,depart,ban,use,network,around
game,help,child,build,sharpen,rang,life,skill,stand,good,stead,post,skill,child,learn,play,video,game,appear,first
grow,number,public,school,u,move,ban,popular,chine,social,medium,allow,user,share,short,video,follow,lead,govern,sever,state,ban
click,away,stack,block,special,need,learn,tool,recommend,tri,stack,block,home,wonder,stack,block,go,look,like,also,help,teach,behavior,tool
fed,raising,make,sick,lucky,daughter,somehow,like,much,struggle,finding,someone,like
fed,up,with,raising,it,make,me,sick,lucky,to,have,a,daughter,who,somehow,t,like,it,that,much,but,it,been,a,struggle,finding,someone,like,her
fed,up,with,rais,it,make,me,sick,to,have,a,daughter,who,somehow,t,like,it,that,much,but,it,been,a,find,like,her
